-- insert rows into the tables

INSERT INTO patient_information VALUES
(1,'Anushka','Sharma','29','Female','University Terrace Drive','26282','(800) 555-1205','Y'),
(2,'Smith','Jordan','23','Male','Vinca Circle','26282','(980) 551-1605','Y'),
(3,'Sakshi','Shukla','29','Female','Baletine','26299','(480) 235-1209','Y'),
(4,'Virat','Kohli','25','Male','BC Street','21250','(347) 555-1205','Y'),
(5,'Kapil','Dev','30','Male','83 Street','26257','(678) 363-6565','Y'),
(6,'Alex','Fernandes','22','Male','Zukerberg palace','26252','(274) 961-1205','N'),
(7,'Kivela','Paula','22','Female','Berkley','26299','(980) 123-4567','Y'),
(8,'Abhimanyu','Basu','21','Male','K Circle','26250','(560) 656-3355','N'),
(9,'David','Walmore','23','Male','University Terrace North','26282','(632) 654-6598','Y'),
(10,'Tom','Anderson','23','Male','Haven Creek','26250','(491) 325-0103','Y'),
(11,'Anusha','Anderson','27','Female','Uptown Avenue','26257','(230) 540-6310','Y'),
(12,'Albert','Park','26','Male','Woodside','26252','(595) 635-6305','Y'),
(13,'Davis','Wilson','19','Male','Mallard Creek','26250','(496) 555-1205','Y'),
(14,'Robert','Wilk','21','Male','The Edge','26282','(860) 630-1205','N'),
(15,'Tom','Cruise','21','Male','Havelock Society','26211','(800) 555-1205','Y'),
(16,'Sharukh', 'Khan','20','Male','Badshah Green','2','(300) 159-6789','Y'),
(17,'Michelle','Johnson','26','Female','Wall Street','21250','(656) 652-2424','Y'),
(18,'Moumita','Das','24','Female','Jamaican Avenue','26211','(620) 978-3214','Y'),
(19,'Jasmine','Brown','24','Female','Ashford','26252','(656) 985-6541','Y'),
(20,'Deepika','Padukone','24','Female','Singh House','26299','(326) 951-5050','Y');

INSERT INTO zip_code VALUES
(26282,'Charlotte','NC'),
(26257,'Charlotte','NC'),
(26252,'Raleigh','NC'),
(21250,'Detroit','MI'),
(26299,'Atlanta','GA'),
(26250,'San Jose','CA'),
(26257,'Atlanta','GA'),
(26211,'Detroit','MI');
 
INSERT INTO provider_information VALUES
('A101','Dr. Dan Mcpherson','General Physician','(800) 555-1205','Mon-Fri',"08:00:00","17:00:00",20.49), 
('A103','Dr. John Evan','General Physician','(980) 355-1205','Mon-Thu',"10:00:00","16:00:00",30.99),
('A105','Dr. Meera Sridhar','General Physician','(807) 555-1277','Sat-Sun',"09:00:00","18:00:00",35.10),
('A107','Dr. Rob Black','Dermatologist','(800) 555-3598','Mon-Fri',"08:00:00","17:00:00",29.99),
('A109','Dr. Rhonda Gentry','Cardiologist','(800) 335-1285','Mon-Wed',"10:00:00","18:00:00",39.99),
('A111','Dr. Lauren Tan','Gynaecology','(800) 555-5963','Mon-Sat',"09:00:00","17:00:00",18.99),
('A115','Dr. Navin Rajwar','Eye Specialist','(800) 335-1969','Mon-Fri',"08:00:00","16:00:00",20.49);

INSERT INTO medicine VALUES
('Paracetamol 650',3.00),
('Paracetamol 500',2.00),
('Rosurac 1MG Forte',5.50),
('Glycophase',5.00),
('Crocin',3.00),
('Nyquil',8.00),
('Advil 10',3.00),
('ABC Spirit',10.00),
('Avomin',2.50),
('Tylenol',5.00);

INSERT INTO visit_information VALUES
(1, 1 , 'A101', '2018-01-21 10:00:00'),
(2, 2 , 'A101', '2018-01-21 10:20:00'),
(3, 3 , 'A103', '2018-01-21 11:30:00'),
(4, 4 , 'A107', '2018-02-21 11:30:00'),
(5, 5 , 'A105', '2018-03-21 11:00:00'),
(6, 6 , 'A107', '2018-04-21 11:20:00'),
(7, 7 , 'A109', '2018-05-21 14:00:00'),
(8, 8 , 'A111', '2018-06-21 14:00:00'),
(9, 9 , 'A115', '2018-07-21 15:00:00'),
(10, 10 , 'A101', '2018-11-20 11:00:00'),
(11, 11 , 'A103', '2018-11-22 11:30:00'),
(12, 12, 'A105', '2018-12-21 10:00:00'),
(13, 13 , 'A111', '2019-02-01 11:20:00'),
(14, 14 , 'A111', '2019-02-11 15:00:00'),
(15, 15 , 'A105', '2019-04-14 14:00:00'),
(16, 16 , 'A107', '2019-04-15 16:00:00'),
(17, 17 , 'A109', '2019-05-21 10:30:00'),
(18, 18 , 'A101', '2019-05-21 15:00:00'),
(19, 19 , 'A111', '2019-06-12 09:40:00'),
(20, 20, 'A103', '2019-06-19 10:00:00'),
(21, 1 , 'A107', '2019-06-21 10:30:00'),
(22, 2 , 'A109', '2019-07-11 10:00:00'),
(23, 3 , 'A105', '2019-07-11 11:00:00'),
(24, 1 , 'A103', '2019-08-12 15:00:00'),
(25, 6 , 'A101', '2019-09-09 14:00:00'),
(26, 7 , 'A101', '2019-09-12 12:00:00'),
(27, 17 , 'A111', '2019-10-09 11:20:00'),
(28, 9 , 'A105', '2019-10-14 11:30:00'),
(29, 5 , 'A107', '2019-10-21 10:00:00'),
(30, 1 , 'A103', '2019-10-21 11:30:00');

INSERT INTO clinical_care_information VALUES
(1001, 1, 'A101', 1, 'Chest Pain','X-RAY', 100.00),
(1002, 2, 'A101', 2, 'Fever','Blood Test',250.00),
(1003, 3, 'A103', 3, 'Cough and Cold', NULL, NULL),
(1004, 4, 'A107', 4, 'Allergy', NULL, NULL),
(1005, 5, 'A105', 5, 'Fever','Urine Culture', 200.00),
(1006, 6, 'A107', 6, 'Allergy', NULL, NULL),
(1007, 7, 'A109', 7, 'Chest Pain','ECG', 220.00),
(1008, 8, 'A111', 8, 'Stomach Pain','USG', 300.00),
(1009, 9, 'A115', 9, 'Eye Irritation', NULL, NULL),
(1010, 10, 'A101',10, 'Loose Motion', NULL, NULL),
(1011, 11, 'A103',11, 'Fever','Blood Test', 250.00),
(1012, 12, 'A105',12, 'Blood Pressure', NULL, NULL),
(1013, 13, 'A111',13, 'Stomach Pain','Blood Test', 250.00),
(1014, 14, 'A111',14, 'Abnormal Bleeding','USG',300.00),
(1015, 15, 'A105',15, 'Vomit', NULL, NULL),
(1016, 16, 'A107',16, 'Skin Burning', NULL, NULL),
(1017, 17, 'A109',17, 'Chest Pain','Echo', 250.00),
(1018, 18, 'A101',18, 'Food Poison','Blood Test',250.00),
(1019, 19, 'A111',19, 'Abnormal Bleeding','USG',300.00),
(1020, 20, 'A103',20, 'Fever', 'LFT',170.00),
(1021, 1, 'A107', 21, 'Allergy', NULL,NULL),
(1022, 2, 'A109', 22, 'Chest Pain','X-RAY',100.00),
(1023, 3, 'A105', 23, 'Headache', NULL, NULL),
(1024, 1, 'A103', 24, 'Fever','Urine Culture',200.00),
(1025, 6, 'A101', 25, 'Loose Motion', NULL, NULL),
(1026, 7, 'A101', 26, 'Fever','LFT', 170.00),
(1027, 17, 'A111',27, 'Stomach Pain','Blood Test',250.00),
(1028, 9, 'A105', 28, 'Headache',NULL, NULL),
(1029, 5, 'A107', 29, 'Allergy', NULL, NULL),
(1030, 1, 'A109', 30, 'Chest Pain','ECG', 220.00);

INSERT INTO billing VALUES
(501, 1, 1001,'Paracetamol 500', 2), 
(502, 2, 1002,'Rosurac 1MG Forte', 1), 
(503, 3, 1003,'Glycophase', 1), 
(504, 4, 1004,'Crocin', 2),
(505, 5, 1005,'Nyquil', 1), 
(506, 6, 1006,'Advil 10', 1), 
(507, 7, 1007,'ABC Spirit', 4), 
(508, 8, 1008,'Avomin', 1), 
(509, 9, 1009,'Tylenol', 2), 
(510, 10, 1010,'Paracetamol 650', 1), 
(511, 11, 1011,'Rosurac 1MG Forte', 1), 
(512, 12, 1012,'Avomin', 1), 
(513, 13, 1013,'Glycophase', 3), 
(514, 14, 1014,'ABC Spirit', 1), 
(515, 15, 1015,'ABC Spirit', 2), 
(516, 16, 1016,'Nyquil', 1), 
(517, 17, 1017,'Tylenol', 1), 
(518, 18, 1018,'Nyquil', 1), 
(519, 19, 1019,'Tylenol', 2), 
(520, 20, 1020,'Paracetamol 650', 2),
(521, 1, 1021,'Avomin', 2),
(522, 2, 1022,'Advil', 2),
(523, 3, 1023,'Glycophase', 3),
(524, 1, 1024,'Paracetamol 500', 6),
(525, 6, 1025,'Rosurac 1MG Forte', 4),
(526, 7, 1026,'Crocin', 3),CREATE DATABASE `emr_db5` /*!40100 DEFAULT CHARACTER SET utf8mb4 COLLATE utf8mb4_0900_ai_ci */ /*!80016 DEFAULT ENCRYPTION='N' */;

(527, 17, 1027,'Nyquil', 1),
(528, 9, 1028,'Paracetamol 650', 2),
(529, 5, 1029,'ABC Spirit', 4),
(530, 1, 1030,'Tylenol', 5);

